model,embedding_model,train_mse,train_rmse,train_mae,train_r2,train_spearman,train_spearman_pval,train_pearson,train_pearson_pval,test_mse,test_rmse,test_mae,test_r2,test_spearman,test_spearman_pval,test_pearson,test_pearson_pval
Random Forest,esm2-650M,0.28517300283239116,0.534015920017738,0.39776592641953035,0.9357910910371612,0.9716814585751401,0.0,0.974694774507026,0.0,1.193037656845811,1.0922626318087656,0.8236046248037857,0.7494731176241225,0.8515318102768585,0.0,0.867529872517631,0.0
Random Forest,esm2-3B,0.28766538893388977,0.5363444685404053,0.40425971553294193,0.935229911014151,0.9720109644968068,0.0,0.9752711882594172,0.0,1.2710960534979576,1.127428957184424,0.8402374592514286,0.7330815757106643,0.8443854638049929,0.0,0.8587709571479268,0.0
Random Forest,ginkgo-AA0-650M,0.26999724684860815,0.5196125930427478,0.3896385691518746,0.939208029964503,0.9722069622223802,0.0,0.9755052426197767,0.0,1.176375836654414,1.0846086098931789,0.8023416537235541,0.7529719458826488,0.8535453232670765,0.0,0.8688376171964467,0.0
